insurance_status,estimate,std.error,conf.low,conf.high,p.value
Private,2760.426490782417,378.5253440578614,2018.5304491933766,3502.322532371458,3.0407407720316357e-13
Medicare/Other Public,1130.7593904798957,229.38794008460974,681.167289426229,1580.3514915335625,8.245589947620009e-7
Medicaid/Public Only,6104.527434409366,1159.0150491455995,3832.8996805440706,8376.15518827466,1.3867435330043377e-7
Uninsured,887.4395986165009,471.2537113641897,-36.20070323814468,1811.0799004711466,0.05968056834778723
