"comparison","hypothesis","estimate","std.error","statistic","p.value","conf.low","conf.high"
"Medicare/Other Public - Private","(b2) - (b1)",-600.19944371738,453.955066337511,-1.32215606394651,0.186116188051972,-1489.93502433839,289.536136903634
"Medicaid/Public Only - Private","(b3) - (b1)",2207.79201039086,902.65238612807,2.4458939502295,0.0144493494971569,438.625843020706,3976.95817776102
"Uninsured - Private","(b4) - (b1)",-2046.39255252491,520.278766576749,-3.93326171273423,8.38009101945502e-05,-3066.12019693626,-1026.66490811357
"Medicaid/Public Only - Medicare/Other Public","(b3) - (b2)",2807.99145410824,1001.42442596783,2.80399736744432,0.00504733171907877,845.235645972592,4770.7472622439
"Uninsured - Medicare/Other Public","(b4) - (b2)",-1446.19310880753,569.633157776758,-2.53881483032332,0.011122867614596,-2562.6535824498,-329.732635165267
"Uninsured - Medicaid/Public Only","(b4) - (b3)",-4254.18456291578,897.228557450777,-4.74147253516189,2.12170423830282e-06,-6012.72022142013,-2495.64890441143
