insurance_status,estimate,std.error,conf.low,conf.high,p.value
Private,2723.170733161586,336.0377710799935,2064.548804399684,3381.7926619234886,5.328449695223723e-16
Medicare/Other Public,2122.9712894442064,377.4113983177541,1383.2585413865077,2862.684037501905,1.854163842176526e-8
Medicaid/Public Only,4930.962743552451,826.9622971271282,3310.146424610769,6551.779062494133,2.4804004518338073e-9
Uninsured,676.7781806366722,428.68918607900184,-163.43718463996072,1516.9935459133053,0.11440137188385266
